{"dateTime": "2024-02-23 12:25:30", "birdID": 24, "class": "waterbird", "confidence": 0.73, "species": "", "birdNorthing": 4367114.86, "birdEasting": 264622.65, "flightHeight_m": 23.8, "pixelWidth": 4000, "pixelHeight": 3000, "center_x": 0.498625, "center_y": 0.6051666666666666, "box_width": 0.00825, "box_height": 0.017666666666666667, "filename": "./testImages/DJI_0056.JPG"}