{"dateTime": "2024-02-23 12:25:26", "birdID": 9, "class": "waterbird", "confidence": 0.764, "species": "", "birdNorthing": 4367113.61, "birdEasting": 264614.38, "flightHeight_m": 23.8, "pixelWidth": 4000, "pixelHeight": 3000, "center_x": 0.3025, "center_y": 0.6466666666666666, "box_width": 0.0115, "box_height": 0.024666666666666667, "filename": "./testImages/DJI_0055.JPG"}