{"dateTime": "2024-03-08 08:25:59", "birdID": 33, "class": "waterbird", "confidence": 0.848, "species": "", "birdNorthing": 4369086.07, "birdEasting": 266046.08, "flightHeight_m": 16.8, "pixelWidth": 4000, "pixelHeight": 3000, "center_x": 0.79375, "center_y": 0.37133333333333335, "box_width": 0.0175, "box_height": 0.034, "filename": "./testImages/DJI_0187.JPG"}