{"dateTime": "2024-02-23 12:25:19", "birdID": 0, "class": "waterbird", "confidence": 0.779, "species": "", "birdNorthing": 4367114.45, "birdEasting": 264619.92, "flightHeight_m": 24.1, "pixelWidth": 4000, "pixelHeight": 3000, "center_x": 0.347, "center_y": 0.6486666666666666, "box_width": 0.011, "box_height": 0.021333333333333333, "filename": "./testImages/DJI_0054.JPG"}