{"dateTime": "2024-02-23 12:25:26", "birdID": 11, "class": "waterbird", "confidence": 0.739, "species": "", "birdNorthing": 4367114.43, "birdEasting": 264614.96, "flightHeight_m": 23.8, "pixelWidth": 4000, "pixelHeight": 3000, "center_x": 0.316125, "center_y": 0.6213333333333333, "box_width": 0.01225, "box_height": 0.022, "filename": "./testImages/DJI_0055.JPG"}