{"dateTime": "2024-02-23 12:25:30", "birdID": 26, "class": "waterbird", "confidence": 0.701, "species": "", "birdNorthing": 4367118.71, "birdEasting": 264631.08, "flightHeight_m": 23.8, "pixelWidth": 4000, "pixelHeight": 3000, "center_x": 0.69525, "center_y": 0.48533333333333334, "box_width": 0.0105, "box_height": 0.019333333333333334, "filename": "./testImages/DJI_0056.JPG"}