{"dateTime": "2024-02-23 12:25:30", "birdID": 25, "class": "waterbird", "confidence": 0.721, "species": "", "birdNorthing": 4367119.46, "birdEasting": 264628.94, "flightHeight_m": 23.8, "pixelWidth": 4000, "pixelHeight": 3000, "center_x": 0.64525, "center_y": 0.46216666666666667, "box_width": 0.0095, "box_height": 0.019, "filename": "./testImages/DJI_0056.JPG"}