{"dateTime": "2024-02-23 12:25:30", "birdID": 19, "class": "waterbird", "confidence": 0.748, "species": "", "birdNorthing": 4367111.91, "birdEasting": 264615.52, "flightHeight_m": 23.8, "pixelWidth": 4000, "pixelHeight": 3000, "center_x": 0.332125, "center_y": 0.6966666666666667, "box_width": 0.01125, "box_height": 0.02266666666666667, "filename": "./testImages/DJI_0056.JPG"}