{"dateTime": "2024-02-23 12:25:26", "birdID": 14, "class": "waterbird", "confidence": 0.722, "species": "", "birdNorthing": 4367112.53, "birdEasting": 264613.86, "flightHeight_m": 23.8, "pixelWidth": 4000, "pixelHeight": 3000, "center_x": 0.2905, "center_y": 0.6803333333333333, "box_width": 0.0105, "box_height": 0.02266666666666667, "filename": "./testImages/DJI_0055.JPG"}