{"dateTime": "2024-03-08 08:25:59", "birdID": 35, "class": "waterbird", "confidence": 0.831, "species": "", "birdNorthing": 4369080.61, "birdEasting": 266039.98, "flightHeight_m": 16.8, "pixelWidth": 4000, "pixelHeight": 3000, "center_x": 0.59225, "center_y": 0.6121666666666666, "box_width": 0.022, "box_height": 0.029, "filename": "./testImages/DJI_0187.JPG"}