{"dateTime": "2024-02-23 12:25:30", "birdID": 20, "class": "waterbird", "confidence": 0.738, "species": "", "birdNorthing": 4367109.35, "birdEasting": 264614.12, "flightHeight_m": 23.8, "pixelWidth": 4000, "pixelHeight": 3000, "center_x": 0.2995, "center_y": 0.7763333333333333, "box_width": 0.012, "box_height": 0.025333333333333333, "filename": "./testImages/DJI_0056.JPG"}