{"dateTime": "2024-03-08 08:25:12", "birdID": 30, "class": "waterbird", "confidence": 0.807, "species": "", "birdNorthing": 4368985.63, "birdEasting": 265987.82, "flightHeight_m": 17.2, "pixelWidth": 4000, "pixelHeight": 3000, "center_x": 0.493375, "center_y": 0.5808333333333333, "box_width": 0.01575, "box_height": 0.015666666666666666, "filename": "./testImages/DJI_0184.JPG"}