{"dateTime": "2024-02-23 12:25:19", "birdID": 8, "class": "waterbird", "confidence": 0.711, "species": "", "birdNorthing": 4367117.2, "birdEasting": 264636.22, "flightHeight_m": 24.1, "pixelWidth": 4000, "pixelHeight": 3000, "center_x": 0.722625, "center_y": 0.5641666666666667, "box_width": 0.00975, "box_height": 0.017666666666666667, "filename": "./testImages/DJI_0054.JPG"}