{"dateTime": "2024-03-08 08:25:12", "birdID": 31, "class": "waterbird", "confidence": 0.799, "species": "", "birdNorthing": 4368990.98, "birdEasting": 265987.85, "flightHeight_m": 17.2, "pixelWidth": 4000, "pixelHeight": 3000, "center_x": 0.49425, "center_y": 0.3501666666666667, "box_width": 0.0105, "box_height": 0.02033333333333333, "filename": "./testImages/DJI_0184.JPG"}