{"dateTime": "2024-02-23 12:25:19", "birdID": 6, "class": "waterbird", "confidence": 0.732, "species": "", "birdNorthing": 4367113.68, "birdEasting": 264619.87, "flightHeight_m": 24.1, "pixelWidth": 4000, "pixelHeight": 3000, "center_x": 0.345875, "center_y": 0.6721666666666667, "box_width": 0.01075, "box_height": 0.019, "filename": "./testImages/DJI_0054.JPG"}