{"dateTime": "2024-02-23 12:25:30", "birdID": 22, "class": "waterbird", "confidence": 0.733, "species": "", "birdNorthing": 4367110.63, "birdEasting": 264613.71, "flightHeight_m": 23.8, "pixelWidth": 4000, "pixelHeight": 3000, "center_x": 0.289875, "center_y": 0.7365, "box_width": 0.01225, "box_height": 0.025666666666666667, "filename": "./testImages/DJI_0056.JPG"}