{"dateTime": "2024-02-23 12:25:19", "birdID": 5, "class": "waterbird", "confidence": 0.732, "species": "", "birdNorthing": 4367111.21, "birdEasting": 264621.6, "flightHeight_m": 24.1, "pixelWidth": 4000, "pixelHeight": 3000, "center_x": 0.38575, "center_y": 0.748, "box_width": 0.011, "box_height": 0.016666666666666666, "filename": "./testImages/DJI_0054.JPG"}