{"dateTime": "2024-02-23 12:25:26", "birdID": 15, "class": "waterbird", "confidence": 0.717, "species": "", "birdNorthing": 4367115.84, "birdEasting": 264623.65, "flightHeight_m": 23.8, "pixelWidth": 4000, "pixelHeight": 3000, "center_x": 0.518875, "center_y": 0.5775, "box_width": 0.00925, "box_height": 0.017666666666666667, "filename": "./testImages/DJI_0055.JPG"}