{"dateTime": "2024-02-23 12:25:26", "birdID": 10, "class": "waterbird", "confidence": 0.751, "species": "", "birdNorthing": 4367113.39, "birdEasting": 264616.31, "flightHeight_m": 23.8, "pixelWidth": 4000, "pixelHeight": 3000, "center_x": 0.347625, "center_y": 0.6536666666666666, "box_width": 0.01075, "box_height": 0.02, "filename": "./testImages/DJI_0055.JPG"}