{"dateTime": "2024-02-23 12:25:19", "birdID": 2, "class": "waterbird", "confidence": 0.749, "species": "", "birdNorthing": 4367116.77, "birdEasting": 264636.85, "flightHeight_m": 24.1, "pixelWidth": 4000, "pixelHeight": 3000, "center_x": 0.73725, "center_y": 0.5773333333333334, "box_width": 0.011, "box_height": 0.015333333333333332, "filename": "./testImages/DJI_0054.JPG"}