{"dateTime": "2024-02-23 12:25:26", "birdID": 12, "class": "waterbird", "confidence": 0.737, "species": "", "birdNorthing": 4367119.9, "birdEasting": 264629.15, "flightHeight_m": 23.8, "pixelWidth": 4000, "pixelHeight": 3000, "center_x": 0.64725, "center_y": 0.45116666666666666, "box_width": 0.0105, "box_height": 0.021, "filename": "./testImages/DJI_0055.JPG"}