{"dateTime": "2024-02-23 12:25:19", "birdID": 3, "class": "waterbird", "confidence": 0.742, "species": "", "birdNorthing": 4367112.81, "birdEasting": 264619.09, "flightHeight_m": 24.1, "pixelWidth": 4000, "pixelHeight": 3000, "center_x": 0.327875, "center_y": 0.6988333333333333, "box_width": 0.01075, "box_height": 0.022333333333333334, "filename": "./testImages/DJI_0054.JPG"}