{"dateTime": "2024-02-23 12:25:56", "birdID": 28, "class": "waterbird", "confidence": 0.726, "species": "", "birdNorthing": 4367103.45, "birdEasting": 264687.58, "flightHeight_m": 24.0, "pixelWidth": 4000, "pixelHeight": 3000, "center_x": 0.806625, "center_y": 0.2713333333333333, "box_width": 0.01275, "box_height": 0.019333333333333334, "filename": "./testImages/DJI_0057.JPG"}