{"dateTime": "2024-02-23 12:25:19", "birdID": 1, "class": "waterbird", "confidence": 0.756, "species": "", "birdNorthing": 4367116.86, "birdEasting": 264633.31, "flightHeight_m": 24.1, "pixelWidth": 4000, "pixelHeight": 3000, "center_x": 0.655625, "center_y": 0.5746666666666667, "box_width": 0.01125, "box_height": 0.021333333333333333, "filename": "./testImages/DJI_0054.JPG"}