{"dateTime": "2024-02-23 12:25:19", "birdID": 4, "class": "waterbird", "confidence": 0.742, "species": "", "birdNorthing": 4367111.98, "birdEasting": 264619.96, "flightHeight_m": 24.1, "pixelWidth": 4000, "pixelHeight": 3000, "center_x": 0.347875, "center_y": 0.7245, "box_width": 0.01225, "box_height": 0.023666666666666666, "filename": "./testImages/DJI_0054.JPG"}