{"dateTime": "2024-02-23 12:25:30", "birdID": 23, "class": "waterbird", "confidence": 0.731, "species": "", "birdNorthing": 4367109.8, "birdEasting": 264613.11, "flightHeight_m": 23.8, "pixelWidth": 4000, "pixelHeight": 3000, "center_x": 0.275875, "center_y": 0.7623333333333333, "box_width": 0.01025, "box_height": 0.02266666666666667, "filename": "./testImages/DJI_0056.JPG"}