{"dateTime": "2024-03-08 08:25:59", "birdID": 36, "class": "waterbird", "confidence": 0.819, "species": "", "birdNorthing": 4369083.47, "birdEasting": 266041.47, "flightHeight_m": 16.8, "pixelWidth": 4000, "pixelHeight": 3000, "center_x": 0.6415, "center_y": 0.4861666666666667, "box_width": 0.022, "box_height": 0.030333333333333334, "filename": "./testImages/DJI_0187.JPG"}