{"dateTime": "2024-03-08 08:25:12", "birdID": 32, "class": "waterbird", "confidence": 0.794, "species": "", "birdNorthing": 4368988.85, "birdEasting": 265985.52, "flightHeight_m": 17.2, "pixelWidth": 4000, "pixelHeight": 3000, "center_x": 0.41925, "center_y": 0.44216666666666665, "box_width": 0.008, "box_height": 0.019666666666666666, "filename": "./testImages/DJI_0184.JPG"}