{"dateTime": "2024-02-23 12:25:26", "birdID": 17, "class": "waterbird", "confidence": 0.636, "species": "", "birdNorthing": 4367119.4, "birdEasting": 264631.83, "flightHeight_m": 23.8, "pixelWidth": 4000, "pixelHeight": 3000, "center_x": 0.70975, "center_y": 0.4665, "box_width": 0.009, "box_height": 0.01633333333333333, "filename": "./testImages/DJI_0055.JPG"}