{"dateTime": "2024-02-23 12:25:19", "birdID": 7, "class": "waterbird", "confidence": 0.73, "species": "", "birdNorthing": 4367113.89, "birdEasting": 264628.64, "flightHeight_m": 24.1, "pixelWidth": 4000, "pixelHeight": 3000, "center_x": 0.547875, "center_y": 0.6658333333333334, "box_width": 0.00975, "box_height": 0.017666666666666667, "filename": "./testImages/DJI_0054.JPG"}