{"dateTime": "2024-02-23 12:25:56", "birdID": 27, "class": "waterbird", "confidence": 0.75, "species": "", "birdNorthing": 4367094.91, "birdEasting": 264678.04, "flightHeight_m": 24.0, "pixelWidth": 4000, "pixelHeight": 3000, "center_x": 0.586, "center_y": 0.5346666666666666, "box_width": 0.011, "box_height": 0.02266666666666667, "filename": "./testImages/DJI_0057.JPG"}