{"dateTime": "2024-02-23 12:25:30", "birdID": 21, "class": "waterbird", "confidence": 0.736, "species": "", "birdNorthing": 4367118.5, "birdEasting": 264631.75, "flightHeight_m": 23.8, "pixelWidth": 4000, "pixelHeight": 3000, "center_x": 0.71075, "center_y": 0.49183333333333334, "box_width": 0.0115, "box_height": 0.018333333333333333, "filename": "./testImages/DJI_0056.JPG"}